30,00,2024-03-25 14:59:04,2024-03-25 15:29:06,reading documents
45,00,2024-03-25 15:31:35,2024-03-25 16:16:36,reading documents
12,40,2024-03-25 16:44:25,2024-03-25 17:57:06,working on search
57,10,2024-03-25 17:59:07,2024-03-25 18:56:18,working on search
33,06,2024-03-25 20:29:51,2024-03-25 21:02:57,working on search
31,34,2024-03-25 23:00:01,2024-03-25 23:31:36,working on advance search
29,00,2024-03-25 23:31:53,2024-03-26 00:00:54,working on advace search
45,08,2024-03-26 12:45:49,2024-03-26 13:30:58,working on advande search
28,18,2024-03-26 13:34:06,2024-03-26 14:02:25,working on advance search
20,41,2024-03-26 15:34:33,2024-03-26 15:55:14,work on advance search
51,22,2024-03-26 15:57:39,2024-03-26 16:49:02,workin on advance search and working on query prep
22,26,2024-03-26 16:51:44,2024-03-26 17:14:11,working on query perp
54,16,2024-03-26 17:59:34,2024-03-26 18:53:51,workin on advance search and prep
53,30,2024-03-26 18:56:48,2024-03-26 19:50:18,working on advance search
01,38,2024-03-26 19:50:26,2024-03-26 19:52:05,work
44,45,2024-03-26 20:35:25,2024-03-26 21:20:11,working on advance search
33,21,2024-04-16 13:42:29,2024-04-16 14:15:51,working on search with filter
55,36,2024-04-16 14:21:59,2024-04-16 15:17:36,working on search with ids
10,22,2024-04-16 15:17:43,2024-04-16 15:28:06,working on search with ids
16,52,2024-04-17 09:42:21,2024-04-17 09:59:13,review my codes
46,15,2024-04-17 10:14:55,2024-04-17 11:01:11,review and fix my codes
20,00,2024-04-17 11:03:55,2024-04-17 11:23:56,review my codes and find bug in search
